,County,Value_count,Value_median
0,Cherokee County,32793,1.7614384602397437
1,Clayton County,21912,1.443839398287031
2,Cobb County,47824,1.8617266398666537
3,DeKalb County,37821,2.66677471636953
4,Douglas County,20503,1.418991899189919
5,Fayette County,19557,2.098130841121495
6,Forsyth County,28502,1.8518506584928502
7,Fulton County,62749,1.8732949378599573
8,Gwinnett County,63606,1.5461085330310962
9,Henry County,33124,1.2209152551277527
10,Rockdale County,14384,1.2908541721067919
