,County,Value_count,Value_median
0,Cherokee County,34181,1.762689393939394
1,Clayton County,22562,1.4512397908066115
2,Cobb County,51075,1.8657937806873977
3,DeKalb County,41264,2.619364039757686
4,Douglas County,21281,1.4134495641344955
5,Fayette County,20354,2.104425741925101
6,Forsyth County,30569,1.8506056527590848
7,Fulton County,66811,1.8741113744075828
8,Gwinnett County,66856,1.5449606904731827
9,Henry County,35350,1.2163680223303488
10,Rockdale County,14772,1.288968066580956
