,County,Value_count,Value_median
0,Cherokee County,33672,1.7630339794101935
1,Clayton County,22520,1.4507485124426927
2,Cobb County,49082,1.8656997887104585
3,DeKalb County,39715,2.6566684520621315
4,Douglas County,20897,1.4155251141552512
5,Fayette County,20039,2.0998657062629715
6,Forsyth County,29696,1.8536411532807433
7,Fulton County,64429,1.8712382831771088
8,Gwinnett County,65094,1.5469468402251665
9,Henry County,34583,1.215890522875817
10,Rockdale County,14685,1.2877106452938758
